178155,06/10/2025, Mevlüt Başar,Escape2olympos paramotor - TR,0:34,1.7km,7.5km,11.20,Türkiye,Paramotor,Göster
178147,05/10/2025, Mevlüt Başar,Escape2olympos paramotor - TR,0:35,1.9km,8.2km,12.30,Türkiye,Paramotor,Göster
178148,05/10/2025, Mevlüt Başar,Escape2olympos paramotor - TR,0:13,0.9km,2.6km,5.21,Türkiye,Paramotor,Göster
178060,03/10/2025, Mevlüt Başar,Kızkalesi - TR,0:45,3.4km,8.1km,14.22,Türkiye,Paramotor,Göster
177970,02/10/2025, Mevlüt Başar,Erdemli Akasya - TR,1:35,23.2km,47.9km,83.77,Türkiye,Paramotor,Göster
177935,01/10/2025, Mevlüt Başar,Eski Halfeti - AW,0:14,2.6km,5.8km,11.69,Türkiye,Paramotor,Göster
177884,29/09/2025, Mevlüt Başar,Nemrut Dağı Zirve - TR,0:18,1.0km,3.1km,4.60,Serbest uçuş,Ozone Roadster3,Google Earth ile Tüm Uçuşlar
177883,28/09/2025, Mevlüt Başar,Hasankeyf Batık şehir - TR,1:04,22.3km,37.6km,65.81,Serbest üçgen uçuşu,Ozone Roadster3,Google Earth ile Tüm Uçuşlar
177299,26/08/2025, Mevlüt Başar,Ararat Garden PPG - TR[~44.3],0:40,2.7km,13.2km,19.77,Serbest uçuş,Ozone Roadster3,Google Earth ile Tüm Uçuşlar
177300,26/08/2025, Mevlüt Başar,Ararat Garden PPG - TR[~44.3],0:23,7.7km,11.4km,17.03,Serbest uçuş,Ozone Roadster3,Google Earth ile Tüm Uçuşlar
176786,25/08/2025, Mevlüt Başar,Ararat Garden PPG - TR,0:51,3.6km,10.3km,18.09,Serbest üçgen uçuşu,Ozone Roadster3,Google Earth ile Tüm Uçuşlar
177298,25/08/2025, Mevlüt Başar,aşağı ağadeve - TR[~41.7],0:16,1.2km,5.4km,8.10,Serbest uçuş,Ozone Roadster3,Google Earth ile Tüm Uçuşlar
177285,20/08/2025, Mevlüt Başar,Kısırkaya Plaj  - TR[~4.6],0:29,2.4km,10.1km,15.12,Serbest uçuş,Ozone Roadster3,Google Earth ile Tüm Uçuşlar
177289,08/07/2025, Mevlüt Başar,Kısırkaya Plaj  - TR[~4.6],0:34,15.7km,17.3km,25.95,Serbest uçuş,Ozone Roadster3,Google Earth ile Tüm Uçuşlar
177290,08/07/2025, Mevlüt Başar,Riva - TR[~4.1],0:29,15.5km,16.7km,25.11,Serbest uçuş,Ozone Roadster3,Google Earth ile Tüm Uçuşlar
177291,05/07/2025, Mevlüt Başar,Kısırkaya Plaj  - TR[~4.6],1:00,9.5km,20.9km,36.59,Serbest üçgen uçuşu,Ozone Roadster3,Google Earth ile Tüm Uçuşlar
177294,28/06/2025, Mevlüt Başar,Kısırkaya Plaj  - TR[~4.6],0:19,2.1km,5.9km,11.71,FAI üçgen uçuşu,Ozone Roadster3,Google Earth ile Tüm Uçuşlar
177293,15/06/2025, Mevlüt Başar,Kısırkaya Plaj  - TR[~4.6],0:27,2.3km,5.6km,11.27,FAI üçgen uçuşu,Ozone Roadster3,Google Earth ile Tüm Uçuşlar
178084,28/05/2025, Mevlüt Başar,Ildır Kalkış Alanı - İzmir Yamaç Pa... - AW,0:39,5.8km,13.7km,23.89,Türkiye,Paramotor,Göster
177288,28/05/2025, Mevlüt Başar,Ildır Kalkış Alanı - İzmir Yamaç Pa... - AW,0:39,5.8km,13.6km,23.89,Serbest üçgen uçuşu,Ozone Roadster3,Google Earth ile Tüm Uçuşlar
177292,11/05/2025, Mevlüt Başar,Kısırkaya Plaj  - TR[~4.5],0:43,6.8km,15.4km,23.18,Serbest uçuş,Ozone Roadster3,Google Earth ile Tüm Uçuşlar
177284,03/05/2025, Mevlüt Başar,"İnönü, Eskişehir - TR",2:13,0.7km,3.5km,5.31,Serbest uçuş,Ozone Roadster3,Google Earth ile Tüm Uçuşlar
177296,04/03/2025, Mevlüt Başar,"Ormanlı, İstanbul - TR",0:46,1.9km,7.5km,11.24,Serbest uçuş,Yamaçparaşütü - Spor,Göster
177297,04/03/2025, Mevlüt Başar,"Ormanlı, İstanbul - TR",0:20,1.7km,3.6km,6.34,Serbest üçgen uçuşu,Yamaçparaşütü - Spor,Göster
177295,02/03/2025, Mevlüt Başar,Kısırkaya Plaj  - TR[~4.4],0:29,4.6km,11.3km,19.81,Serbest üçgen uçuşu,Ozone Roadster3,Google Earth ile Tüm Uçuşlar
177287,19/01/2025, Mevlüt Başar,Kısırkaya Plaj  - TR[~4.7],0:48,2.1km,8.5km,16.99,FAI üçgen uçuşu,Ozone Roadster3,Google Earth ile Tüm Uçuşlar
177286,02/11/2024, Mevlüt Başar,İstanbul Kartal sahil - TR,0:51,15.5km,32.2km,56.36,Serbest üçgen uçuşu,Ozone Roadster3,Google Earth ile Tüm Uçuşlar
177303,14/09/2024, Mevlüt Başar,"Çakır Dağı, Amasya - TR[~33.2]",1:05,25.7km,26.1km,39.10,Serbest uçuş,Ozone Roadster3,Google Earth ile Tüm Uçuşlar
178083,19/07/2024, Mevlüt Başar,Çıkartma pilajı  - AW,0:49,7.3km,15.5km,27.10,Türkiye,Paramotor,Göster
177302,02/06/2024, Mevlüt Başar,"Çakır Dağı, Amasya - TR[~33.2]",1:43,80.5km,84.2km,126.34,Serbest uçuş,Ozone Roadster3,Google Earth ile Tüm Uçuşlar
178078,18/05/2024, Mevlüt Başar,"Şile, İstanbul - TR[~10.0]",0:58,36.0km,36.8km,55.21,Türkiye,Paramotor,Göster
178085,21/01/2024, Mevlüt Başar,kızılelma köyü koyulhisar - TR[~5.5],0:24,5.7km,9.8km,14.71,Türkiye,Paramotor,Göster
178079,01/01/2024, Mevlüt Başar,İstanbul Kartal sahil - TR,0:41,4.4km,11.5km,20.16,Türkiye,Paramotor,Göster
178080,30/12/2023, Mevlüt Başar,Silivri - TR[~1.2],0:37,6.0km,14.8km,25.94,Türkiye,Paramotor,Göster
178081,10/11/2023, Mevlüt Başar,Maltepe - TR[~3.4],0:40,8.0km,18.3km,31.99,Türkiye,Paramotor,Göster
177301,29/10/2023, Mevlüt Başar,İstanbul Kartal sahil - TR,1:25,21.5km,44.2km,77.38,Serbest üçgen uçuşu,Ozone Roadster3,Google Earth ile Tüm Uçuşlar
178077,20/10/2023, Mevlüt Başar,Babadağ 700 - AW,0:34,5.1km,15.6km,27.22,Türkiye,Paramotor,Göster
178076,19/10/2023, Mevlüt Başar,Babadag - TR[~7.5],0:34,6.5km,13.0km,22.74,Türkiye,Paramotor,Göster
178082,24/09/2023, Mevlüt Başar,Van Gölü Ağartı Tuşba - TR[~0.9],0:32,1.5km,7.7km,11.58,Türkiye,Paramotor,Göster
178155,06/10/2025, Mevlüt Başar,Escape2olympos paramotor - TR,0:34,1.7km,7.5km,11.20,Türkiye,Paramotor,Göster
178147,05/10/2025, Mevlüt Başar,Escape2olympos paramotor - TR,0:35,1.9km,8.2km,12.30,Türkiye,Paramotor,Göster
178148,05/10/2025, Mevlüt Başar,Escape2olympos paramotor - TR,0:13,0.9km,2.6km,5.21,Türkiye,Paramotor,Göster
178060,03/10/2025, Mevlüt Başar,Kızkalesi - TR,0:45,3.4km,8.1km,14.22,Türkiye,Paramotor,Göster
177970,02/10/2025, Mevlüt Başar,Erdemli Akasya - TR,1:35,23.2km,47.9km,83.77,Türkiye,Paramotor,Göster
177935,01/10/2025, Mevlüt Başar,Eski Halfeti - AW,0:14,2.6km,5.8km,11.69,Türkiye,Paramotor,Göster
177884,29/09/2025, Mevlüt Başar,Nemrut Dağı Zirve - TR,0:18,1.0km,3.1km,4.60,Serbest uçuş,Ozone Roadster3,Google Earth ile Tüm Uçuşlar
177883,28/09/2025, Mevlüt Başar,Hasankeyf Batık şehir - TR,1:04,22.3km,37.6km,65.81,Serbest üçgen uçuşu,Ozone Roadster3,Google Earth ile Tüm Uçuşlar
177299,26/08/2025, Mevlüt Başar,Ararat Garden PPG - TR[~44.3],0:40,2.7km,13.2km,19.77,Serbest uçuş,Ozone Roadster3,Google Earth ile Tüm Uçuşlar
177300,26/08/2025, Mevlüt Başar,Ararat Garden PPG - TR[~44.3],0:23,7.7km,11.4km,17.03,Serbest uçuş,Ozone Roadster3,Google Earth ile Tüm Uçuşlar
176786,25/08/2025, Mevlüt Başar,Ararat Garden PPG - TR,0:51,3.6km,10.3km,18.09,Serbest üçgen uçuşu,Ozone Roadster3,Google Earth ile Tüm Uçuşlar
177298,25/08/2025, Mevlüt Başar,aşağı ağadeve - TR[~41.7],0:16,1.2km,5.4km,8.10,Serbest uçuş,Ozone Roadster3,Google Earth ile Tüm Uçuşlar
177285,20/08/2025, Mevlüt Başar,Kısırkaya Plaj  - TR[~4.6],0:29,2.4km,10.1km,15.12,Serbest uçuş,Ozone Roadster3,Google Earth ile Tüm Uçuşlar
177289,08/07/2025, Mevlüt Başar,Kısırkaya Plaj  - TR[~4.6],0:34,15.7km,17.3km,25.95,Serbest uçuş,Ozone Roadster3,Google Earth ile Tüm Uçuşlar
177290,08/07/2025, Mevlüt Başar,Riva - TR[~4.1],0:29,15.5km,16.7km,25.11,Serbest uçuş,Ozone Roadster3,Google Earth ile Tüm Uçuşlar
177291,05/07/2025, Mevlüt Başar,Kısırkaya Plaj  - TR[~4.6],1:00,9.5km,20.9km,36.59,Serbest üçgen uçuşu,Ozone Roadster3,Google Earth ile Tüm Uçuşlar
177294,28/06/2025, Mevlüt Başar,Kısırkaya Plaj  - TR[~4.6],0:19,2.1km,5.9km,11.71,FAI üçgen uçuşu,Ozone Roadster3,Google Earth ile Tüm Uçuşlar
177293,15/06/2025, Mevlüt Başar,Kısırkaya Plaj  - TR[~4.6],0:27,2.3km,5.6km,11.27,FAI üçgen uçuşu,Ozone Roadster3,Google Earth ile Tüm Uçuşlar
178084,28/05/2025, Mevlüt Başar,Ildır Kalkış Alanı - İzmir Yamaç Pa... - AW,0:39,5.8km,13.7km,23.89,Türkiye,Paramotor,Göster
177288,28/05/2025, Mevlüt Başar,Ildır Kalkış Alanı - İzmir Yamaç Pa... - AW,0:39,5.8km,13.6km,23.89,Serbest üçgen uçuşu,Ozone Roadster3,Google Earth ile Tüm Uçuşlar
177292,11/05/2025, Mevlüt Başar,Kısırkaya Plaj  - TR[~4.5],0:43,6.8km,15.4km,23.18,Serbest uçuş,Ozone Roadster3,Google Earth ile Tüm Uçuşlar
177284,03/05/2025, Mevlüt Başar,"İnönü, Eskişehir - TR",2:13,0.7km,3.5km,5.31,Serbest uçuş,Ozone Roadster3,Google Earth ile Tüm Uçuşlar
177296,04/03/2025, Mevlüt Başar,"Ormanlı, İstanbul - TR",0:46,1.9km,7.5km,11.24,Serbest uçuş,Yamaçparaşütü - Spor,Göster
177297,04/03/2025, Mevlüt Başar,"Ormanlı, İstanbul - TR",0:20,1.7km,3.6km,6.34,Serbest üçgen uçuşu,Yamaçparaşütü - Spor,Göster
177295,02/03/2025, Mevlüt Başar,Kısırkaya Plaj  - TR[~4.4],0:29,4.6km,11.3km,19.81,Serbest üçgen uçuşu,Ozone Roadster3,Google Earth ile Tüm Uçuşlar
177287,19/01/2025, Mevlüt Başar,Kısırkaya Plaj  - TR[~4.7],0:48,2.1km,8.5km,16.99,FAI üçgen uçuşu,Ozone Roadster3,Google Earth ile Tüm Uçuşlar
177286,02/11/2024, Mevlüt Başar,İstanbul Kartal sahil - TR,0:51,15.5km,32.2km,56.36,Serbest üçgen uçuşu,Ozone Roadster3,Google Earth ile Tüm Uçuşlar
177303,14/09/2024, Mevlüt Başar,"Çakır Dağı, Amasya - TR[~33.2]",1:05,25.7km,26.1km,39.10,Serbest uçuş,Ozone Roadster3,Google Earth ile Tüm Uçuşlar
178083,19/07/2024, Mevlüt Başar,Çıkartma pilajı  - AW,0:49,7.3km,15.5km,27.10,Türkiye,Paramotor,Göster
177302,02/06/2024, Mevlüt Başar,"Çakır Dağı, Amasya - TR[~33.2]",1:43,80.5km,84.2km,126.34,Serbest uçuş,Ozone Roadster3,Google Earth ile Tüm Uçuşlar
178078,18/05/2024, Mevlüt Başar,"Şile, İstanbul - TR[~10.0]",0:58,36.0km,36.8km,55.21,Türkiye,Paramotor,Göster
178085,21/01/2024, Mevlüt Başar,kızılelma köyü koyulhisar - TR[~5.5],0:24,5.7km,9.8km,14.71,Türkiye,Paramotor,Göster
178079,01/01/2024, Mevlüt Başar,İstanbul Kartal sahil - TR,0:41,4.4km,11.5km,20.16,Türkiye,Paramotor,Göster
178080,30/12/2023, Mevlüt Başar,Silivri - TR[~1.2],0:37,6.0km,14.8km,25.94,Türkiye,Paramotor,Göster
178081,10/11/2023, Mevlüt Başar,Maltepe - TR[~3.4],0:40,8.0km,18.3km,31.99,Türkiye,Paramotor,Göster
177301,29/10/2023, Mevlüt Başar,İstanbul Kartal sahil - TR,1:25,21.5km,44.2km,77.38,Serbest üçgen uçuşu,Ozone Roadster3,Google Earth ile Tüm Uçuşlar
178077,20/10/2023, Mevlüt Başar,Babadağ 700 - AW,0:34,5.1km,15.6km,27.22,Türkiye,Paramotor,Göster
178076,19/10/2023, Mevlüt Başar,Babadag - TR[~7.5],0:34,6.5km,13.0km,22.74,Türkiye,Paramotor,Göster
178082,24/09/2023, Mevlüt Başar,Van Gölü Ağartı Tuşba - TR[~0.9],0:32,1.5km,7.7km,11.58,Türkiye,Paramotor,Göster
178155,06/10/2025, Mevlüt Başar,Escape2olympos paramotor - TR,0:34,1.7km,7.5km,11.20,Türkiye,Paramotor,Göster
178147,05/10/2025, Mevlüt Başar,Escape2olympos paramotor - TR,0:35,1.9km,8.2km,12.30,Türkiye,Paramotor,Göster
178148,05/10/2025, Mevlüt Başar,Escape2olympos paramotor - TR,0:13,0.9km,2.6km,5.21,Türkiye,Paramotor,Göster
178060,03/10/2025, Mevlüt Başar,Kızkalesi - TR,0:45,3.4km,8.1km,14.22,Türkiye,Paramotor,Göster
177970,02/10/2025, Mevlüt Başar,Erdemli Akasya - TR,1:35,23.2km,47.9km,83.77,Türkiye,Paramotor,Göster
177935,01/10/2025, Mevlüt Başar,Eski Halfeti - AW,0:14,2.6km,5.8km,11.69,Türkiye,Paramotor,Göster
177884,29/09/2025, Mevlüt Başar,Nemrut Dağı Zirve - TR,0:18,1.0km,3.1km,4.60,Serbest uçuş,Ozone Roadster3,Google Earth ile Tüm Uçuşlar
177883,28/09/2025, Mevlüt Başar,Hasankeyf Batık şehir - TR,1:04,22.3km,37.6km,65.81,Serbest üçgen uçuşu,Ozone Roadster3,Google Earth ile Tüm Uçuşlar
177299,26/08/2025, Mevlüt Başar,Ararat Garden PPG - TR[~44.3],0:40,2.7km,13.2km,19.77,Serbest uçuş,Ozone Roadster3,Google Earth ile Tüm Uçuşlar
177300,26/08/2025, Mevlüt Başar,Ararat Garden PPG - TR[~44.3],0:23,7.7km,11.4km,17.03,Serbest uçuş,Ozone Roadster3,Google Earth ile Tüm Uçuşlar
176786,25/08/2025, Mevlüt Başar,Ararat Garden PPG - TR,0:51,3.6km,10.3km,18.09,Serbest üçgen uçuşu,Ozone Roadster3,Google Earth ile Tüm Uçuşlar
177298,25/08/2025, Mevlüt Başar,aşağı ağadeve - TR[~41.7],0:16,1.2km,5.4km,8.10,Serbest uçuş,Ozone Roadster3,Google Earth ile Tüm Uçuşlar
177285,20/08/2025, Mevlüt Başar,Kısırkaya Plaj  - TR[~4.6],0:29,2.4km,10.1km,15.12,Serbest uçuş,Ozone Roadster3,Google Earth ile Tüm Uçuşlar
177289,08/07/2025, Mevlüt Başar,Kısırkaya Plaj  - TR[~4.6],0:34,15.7km,17.3km,25.95,Serbest uçuş,Ozone Roadster3,Google Earth ile Tüm Uçuşlar
177290,08/07/2025, Mevlüt Başar,Riva - TR[~4.1],0:29,15.5km,16.7km,25.11,Serbest uçuş,Ozone Roadster3,Google Earth ile Tüm Uçuşlar
177291,05/07/2025, Mevlüt Başar,Kısırkaya Plaj  - TR[~4.6],1:00,9.5km,20.9km,36.59,Serbest üçgen uçuşu,Ozone Roadster3,Google Earth ile Tüm Uçuşlar
177294,28/06/2025, Mevlüt Başar,Kısırkaya Plaj  - TR[~4.6],0:19,2.1km,5.9km,11.71,FAI üçgen uçuşu,Ozone Roadster3,Google Earth ile Tüm Uçuşlar
177293,15/06/2025, Mevlüt Başar,Kısırkaya Plaj  - TR[~4.6],0:27,2.3km,5.6km,11.27,FAI üçgen uçuşu,Ozone Roadster3,Google Earth ile Tüm Uçuşlar
178084,28/05/2025, Mevlüt Başar,Ildır Kalkış Alanı - İzmir Yamaç Pa... - AW,0:39,5.8km,13.7km,23.89,Türkiye,Paramotor,Göster
177288,28/05/2025, Mevlüt Başar,Ildır Kalkış Alanı - İzmir Yamaç Pa... - AW,0:39,5.8km,13.6km,23.89,Serbest üçgen uçuşu,Ozone Roadster3,Google Earth ile Tüm Uçuşlar
177292,11/05/2025, Mevlüt Başar,Kısırkaya Plaj  - TR[~4.5],0:43,6.8km,15.4km,23.18,Serbest uçuş,Ozone Roadster3,Google Earth ile Tüm Uçuşlar
177284,03/05/2025, Mevlüt Başar,"İnönü, Eskişehir - TR",2:13,0.7km,3.5km,5.31,Serbest uçuş,Ozone Roadster3,Google Earth ile Tüm Uçuşlar
177296,04/03/2025, Mevlüt Başar,"Ormanlı, İstanbul - TR",0:46,1.9km,7.5km,11.24,Serbest uçuş,Yamaçparaşütü - Spor,Göster
177297,04/03/2025, Mevlüt Başar,"Ormanlı, İstanbul - TR",0:20,1.7km,3.6km,6.34,Serbest üçgen uçuşu,Yamaçparaşütü - Spor,Göster
177295,02/03/2025, Mevlüt Başar,Kısırkaya Plaj  - TR[~4.4],0:29,4.6km,11.3km,19.81,Serbest üçgen uçuşu,Ozone Roadster3,Google Earth ile Tüm Uçuşlar
177287,19/01/2025, Mevlüt Başar,Kısırkaya Plaj  - TR[~4.7],0:48,2.1km,8.5km,16.99,FAI üçgen uçuşu,Ozone Roadster3,Google Earth ile Tüm Uçuşlar
177286,02/11/2024, Mevlüt Başar,İstanbul Kartal sahil - TR,0:51,15.5km,32.2km,56.36,Serbest üçgen uçuşu,Ozone Roadster3,Google Earth ile Tüm Uçuşlar
177303,14/09/2024, Mevlüt Başar,"Çakır Dağı, Amasya - TR[~33.2]",1:05,25.7km,26.1km,39.10,Serbest uçuş,Ozone Roadster3,Google Earth ile Tüm Uçuşlar
178083,19/07/2024, Mevlüt Başar,Çıkartma pilajı  - AW,0:49,7.3km,15.5km,27.10,Türkiye,Paramotor,Göster
177302,02/06/2024, Mevlüt Başar,"Çakır Dağı, Amasya - TR[~33.2]",1:43,80.5km,84.2km,126.34,Serbest uçuş,Ozone Roadster3,Google Earth ile Tüm Uçuşlar
178078,18/05/2024, Mevlüt Başar,"Şile, İstanbul - TR[~10.0]",0:58,36.0km,36.8km,55.21,Türkiye,Paramotor,Göster
178085,21/01/2024, Mevlüt Başar,kızılelma köyü koyulhisar - TR[~5.5],0:24,5.7km,9.8km,14.71,Türkiye,Paramotor,Göster
178079,01/01/2024, Mevlüt Başar,İstanbul Kartal sahil - TR,0:41,4.4km,11.5km,20.16,Türkiye,Paramotor,Göster
178080,30/12/2023, Mevlüt Başar,Silivri - TR[~1.2],0:37,6.0km,14.8km,25.94,Türkiye,Paramotor,Göster
178081,10/11/2023, Mevlüt Başar,Maltepe - TR[~3.4],0:40,8.0km,18.3km,31.99,Türkiye,Paramotor,Göster
177301,29/10/2023, Mevlüt Başar,İstanbul Kartal sahil - TR,1:25,21.5km,44.2km,77.38,Serbest üçgen uçuşu,Ozone Roadster3,Google Earth ile Tüm Uçuşlar
178077,20/10/2023, Mevlüt Başar,Babadağ 700 - AW,0:34,5.1km,15.6km,27.22,Türkiye,Paramotor,Göster
178076,19/10/2023, Mevlüt Başar,Babadag - TR[~7.5],0:34,6.5km,13.0km,22.74,Türkiye,Paramotor,Göster
178082,24/09/2023, Mevlüt Başar,Van Gölü Ağartı Tuşba - TR[~0.9],0:32,1.5km,7.7km,11.58,Türkiye,Paramotor,Göster
178155,06/10/2025, Mevlüt Başar,Escape2olympos paramotor - TR,0:34,1.7km,7.5km,11.20,Türkiye,Paramotor,Göster
178147,05/10/2025, Mevlüt Başar,Escape2olympos paramotor - TR,0:35,1.9km,8.2km,12.30,Türkiye,Paramotor,Göster
178148,05/10/2025, Mevlüt Başar,Escape2olympos paramotor - TR,0:13,0.9km,2.6km,5.21,Türkiye,Paramotor,Göster
178060,03/10/2025, Mevlüt Başar,Kızkalesi - TR,0:45,3.4km,8.1km,14.22,Türkiye,Paramotor,Göster
177970,02/10/2025, Mevlüt Başar,Erdemli Akasya - TR,1:35,23.2km,47.9km,83.77,Türkiye,Paramotor,Göster
177935,01/10/2025, Mevlüt Başar,Eski Halfeti - AW,0:14,2.6km,5.8km,11.69,Türkiye,Paramotor,Göster
177884,29/09/2025, Mevlüt Başar,Nemrut Dağı Zirve - TR,0:18,1.0km,3.1km,4.60,Serbest uçuş,Ozone Roadster3,Google Earth ile Tüm Uçuşlar
177883,28/09/2025, Mevlüt Başar,Hasankeyf Batık şehir - TR,1:04,22.3km,37.6km,65.81,Serbest üçgen uçuşu,Ozone Roadster3,Google Earth ile Tüm Uçuşlar
177299,26/08/2025, Mevlüt Başar,Ararat Garden PPG - TR[~44.3],0:40,2.7km,13.2km,19.77,Serbest uçuş,Ozone Roadster3,Google Earth ile Tüm Uçuşlar
177300,26/08/2025, Mevlüt Başar,Ararat Garden PPG - TR[~44.3],0:23,7.7km,11.4km,17.03,Serbest uçuş,Ozone Roadster3,Google Earth ile Tüm Uçuşlar
176786,25/08/2025, Mevlüt Başar,Ararat Garden PPG - TR,0:51,3.6km,10.3km,18.09,Serbest üçgen uçuşu,Ozone Roadster3,Google Earth ile Tüm Uçuşlar
177298,25/08/2025, Mevlüt Başar,aşağı ağadeve - TR[~41.7],0:16,1.2km,5.4km,8.10,Serbest uçuş,Ozone Roadster3,Google Earth ile Tüm Uçuşlar
177285,20/08/2025, Mevlüt Başar,Kısırkaya Plaj  - TR[~4.6],0:29,2.4km,10.1km,15.12,Serbest uçuş,Ozone Roadster3,Google Earth ile Tüm Uçuşlar
177289,08/07/2025, Mevlüt Başar,Kısırkaya Plaj  - TR[~4.6],0:34,15.7km,17.3km,25.95,Serbest uçuş,Ozone Roadster3,Google Earth ile Tüm Uçuşlar
177290,08/07/2025, Mevlüt Başar,Riva - TR[~4.1],0:29,15.5km,16.7km,25.11,Serbest uçuş,Ozone Roadster3,Google Earth ile Tüm Uçuşlar
177291,05/07/2025, Mevlüt Başar,Kısırkaya Plaj  - TR[~4.6],1:00,9.5km,20.9km,36.59,Serbest üçgen uçuşu,Ozone Roadster3,Google Earth ile Tüm Uçuşlar
177294,28/06/2025, Mevlüt Başar,Kısırkaya Plaj  - TR[~4.6],0:19,2.1km,5.9km,11.71,FAI üçgen uçuşu,Ozone Roadster3,Google Earth ile Tüm Uçuşlar
177293,15/06/2025, Mevlüt Başar,Kısırkaya Plaj  - TR[~4.6],0:27,2.3km,5.6km,11.27,FAI üçgen uçuşu,Ozone Roadster3,Google Earth ile Tüm Uçuşlar
178084,28/05/2025, Mevlüt Başar,Ildır Kalkış Alanı - İzmir Yamaç Pa... - AW,0:39,5.8km,13.7km,23.89,Türkiye,Paramotor,Göster
177288,28/05/2025, Mevlüt Başar,Ildır Kalkış Alanı - İzmir Yamaç Pa... - AW,0:39,5.8km,13.6km,23.89,Serbest üçgen uçuşu,Ozone Roadster3,Google Earth ile Tüm Uçuşlar
177292,11/05/2025, Mevlüt Başar,Kısırkaya Plaj  - TR[~4.5],0:43,6.8km,15.4km,23.18,Serbest uçuş,Ozone Roadster3,Google Earth ile Tüm Uçuşlar
177284,03/05/2025, Mevlüt Başar,"İnönü, Eskişehir - TR",2:13,0.7km,3.5km,5.31,Serbest uçuş,Ozone Roadster3,Google Earth ile Tüm Uçuşlar
177296,04/03/2025, Mevlüt Başar,"Ormanlı, İstanbul - TR",0:46,1.9km,7.5km,11.24,Serbest uçuş,Yamaçparaşütü - Spor,Göster
177297,04/03/2025, Mevlüt Başar,"Ormanlı, İstanbul - TR",0:20,1.7km,3.6km,6.34,Serbest üçgen uçuşu,Yamaçparaşütü - Spor,Göster
177295,02/03/2025, Mevlüt Başar,Kısırkaya Plaj  - TR[~4.4],0:29,4.6km,11.3km,19.81,Serbest üçgen uçuşu,Ozone Roadster3,Google Earth ile Tüm Uçuşlar
177287,19/01/2025, Mevlüt Başar,Kısırkaya Plaj  - TR[~4.7],0:48,2.1km,8.5km,16.99,FAI üçgen uçuşu,Ozone Roadster3,Google Earth ile Tüm Uçuşlar
177286,02/11/2024, Mevlüt Başar,İstanbul Kartal sahil - TR,0:51,15.5km,32.2km,56.36,Serbest üçgen uçuşu,Ozone Roadster3,Google Earth ile Tüm Uçuşlar
177303,14/09/2024, Mevlüt Başar,"Çakır Dağı, Amasya - TR[~33.2]",1:05,25.7km,26.1km,39.10,Serbest uçuş,Ozone Roadster3,Google Earth ile Tüm Uçuşlar
178083,19/07/2024, Mevlüt Başar,Çıkartma pilajı  - AW,0:49,7.3km,15.5km,27.10,Türkiye,Paramotor,Göster
177302,02/06/2024, Mevlüt Başar,"Çakır Dağı, Amasya - TR[~33.2]",1:43,80.5km,84.2km,126.34,Serbest uçuş,Ozone Roadster3,Google Earth ile Tüm Uçuşlar
178078,18/05/2024, Mevlüt Başar,"Şile, İstanbul - TR[~10.0]",0:58,36.0km,36.8km,55.21,Türkiye,Paramotor,Göster
178085,21/01/2024, Mevlüt Başar,kızılelma köyü koyulhisar - TR[~5.5],0:24,5.7km,9.8km,14.71,Türkiye,Paramotor,Göster
178079,01/01/2024, Mevlüt Başar,İstanbul Kartal sahil - TR,0:41,4.4km,11.5km,20.16,Türkiye,Paramotor,Göster
178080,30/12/2023, Mevlüt Başar,Silivri - TR[~1.2],0:37,6.0km,14.8km,25.94,Türkiye,Paramotor,Göster
178081,10/11/2023, Mevlüt Başar,Maltepe - TR[~3.4],0:40,8.0km,18.3km,31.99,Türkiye,Paramotor,Göster
177301,29/10/2023, Mevlüt Başar,İstanbul Kartal sahil - TR,1:25,21.5km,44.2km,77.38,Serbest üçgen uçuşu,Ozone Roadster3,Google Earth ile Tüm Uçuşlar
178077,20/10/2023, Mevlüt Başar,Babadağ 700 - AW,0:34,5.1km,15.6km,27.22,Türkiye,Paramotor,Göster
178076,19/10/2023, Mevlüt Başar,Babadag - TR[~7.5],0:34,6.5km,13.0km,22.74,Türkiye,Paramotor,Göster
178082,24/09/2023, Mevlüt Başar,Van Gölü Ağartı Tuşba - TR[~0.9],0:32,1.5km,7.7km,11.58,Türkiye,Paramotor,Göster
178155,06/10/2025, Mevlüt Başar,Escape2olympos paramotor - TR,0:34,1.7km,7.5km,11.20,Türkiye,Paramotor,Göster
178147,05/10/2025, Mevlüt Başar,Escape2olympos paramotor - TR,0:35,1.9km,8.2km,12.30,Türkiye,Paramotor,Göster
178148,05/10/2025, Mevlüt Başar,Escape2olympos paramotor - TR,0:13,0.9km,2.6km,5.21,Türkiye,Paramotor,Göster
178060,03/10/2025, Mevlüt Başar,Kızkalesi - TR,0:45,3.4km,8.1km,14.22,Türkiye,Paramotor,Göster
177970,02/10/2025, Mevlüt Başar,Erdemli Akasya - TR,1:35,23.2km,47.9km,83.77,Türkiye,Paramotor,Göster
177935,01/10/2025, Mevlüt Başar,Eski Halfeti - AW,0:14,2.6km,5.8km,11.69,Türkiye,Paramotor,Göster
177884,29/09/2025, Mevlüt Başar,Nemrut Dağı Zirve - TR,0:18,1.0km,3.1km,4.60,Serbest uçuş,Ozone Roadster3,Google Earth ile Tüm Uçuşlar
177883,28/09/2025, Mevlüt Başar,Hasankeyf Batık şehir - TR,1:04,22.3km,37.6km,65.81,Serbest üçgen uçuşu,Ozone Roadster3,Google Earth ile Tüm Uçuşlar
177299,26/08/2025, Mevlüt Başar,Ararat Garden PPG - TR[~44.3],0:40,2.7km,13.2km,19.77,Serbest uçuş,Ozone Roadster3,Google Earth ile Tüm Uçuşlar
177300,26/08/2025, Mevlüt Başar,Ararat Garden PPG - TR[~44.3],0:23,7.7km,11.4km,17.03,Serbest uçuş,Ozone Roadster3,Google Earth ile Tüm Uçuşlar
176786,25/08/2025, Mevlüt Başar,Ararat Garden PPG - TR,0:51,3.6km,10.3km,18.09,Serbest üçgen uçuşu,Ozone Roadster3,Google Earth ile Tüm Uçuşlar
177298,25/08/2025, Mevlüt Başar,aşağı ağadeve - TR[~41.7],0:16,1.2km,5.4km,8.10,Serbest uçuş,Ozone Roadster3,Google Earth ile Tüm Uçuşlar
177285,20/08/2025, Mevlüt Başar,Kısırkaya Plaj  - TR[~4.6],0:29,2.4km,10.1km,15.12,Serbest uçuş,Ozone Roadster3,Google Earth ile Tüm Uçuşlar
177289,08/07/2025, Mevlüt Başar,Kısırkaya Plaj  - TR[~4.6],0:34,15.7km,17.3km,25.95,Serbest uçuş,Ozone Roadster3,Google Earth ile Tüm Uçuşlar
177290,08/07/2025, Mevlüt Başar,Riva - TR[~4.1],0:29,15.5km,16.7km,25.11,Serbest uçuş,Ozone Roadster3,Google Earth ile Tüm Uçuşlar
177291,05/07/2025, Mevlüt Başar,Kısırkaya Plaj  - TR[~4.6],1:00,9.5km,20.9km,36.59,Serbest üçgen uçuşu,Ozone Roadster3,Google Earth ile Tüm Uçuşlar
177294,28/06/2025, Mevlüt Başar,Kısırkaya Plaj  - TR[~4.6],0:19,2.1km,5.9km,11.71,FAI üçgen uçuşu,Ozone Roadster3,Google Earth ile Tüm Uçuşlar
177293,15/06/2025, Mevlüt Başar,Kısırkaya Plaj  - TR[~4.6],0:27,2.3km,5.6km,11.27,FAI üçgen uçuşu,Ozone Roadster3,Google Earth ile Tüm Uçuşlar
178084,28/05/2025, Mevlüt Başar,Ildır Kalkış Alanı - İzmir Yamaç Pa... - AW,0:39,5.8km,13.7km,23.89,Türkiye,Paramotor,Göster
177288,28/05/2025, Mevlüt Başar,Ildır Kalkış Alanı - İzmir Yamaç Pa... - AW,0:39,5.8km,13.6km,23.89,Serbest üçgen uçuşu,Ozone Roadster3,Google Earth ile Tüm Uçuşlar
177292,11/05/2025, Mevlüt Başar,Kısırkaya Plaj  - TR[~4.5],0:43,6.8km,15.4km,23.18,Serbest uçuş,Ozone Roadster3,Google Earth ile Tüm Uçuşlar
177284,03/05/2025, Mevlüt Başar,"İnönü, Eskişehir - TR",2:13,0.7km,3.5km,5.31,Serbest uçuş,Ozone Roadster3,Google Earth ile Tüm Uçuşlar
177296,04/03/2025, Mevlüt Başar,"Ormanlı, İstanbul - TR",0:46,1.9km,7.5km,11.24,Serbest uçuş,Yamaçparaşütü - Spor,Göster
177297,04/03/2025, Mevlüt Başar,"Ormanlı, İstanbul - TR",0:20,1.7km,3.6km,6.34,Serbest üçgen uçuşu,Yamaçparaşütü - Spor,Göster
177295,02/03/2025, Mevlüt Başar,Kısırkaya Plaj  - TR[~4.4],0:29,4.6km,11.3km,19.81,Serbest üçgen uçuşu,Ozone Roadster3,Google Earth ile Tüm Uçuşlar
177287,19/01/2025, Mevlüt Başar,Kısırkaya Plaj  - TR[~4.7],0:48,2.1km,8.5km,16.99,FAI üçgen uçuşu,Ozone Roadster3,Google Earth ile Tüm Uçuşlar
177286,02/11/2024, Mevlüt Başar,İstanbul Kartal sahil - TR,0:51,15.5km,32.2km,56.36,Serbest üçgen uçuşu,Ozone Roadster3,Google Earth ile Tüm Uçuşlar
177303,14/09/2024, Mevlüt Başar,"Çakır Dağı, Amasya - TR[~33.2]",1:05,25.7km,26.1km,39.10,Serbest uçuş,Ozone Roadster3,Google Earth ile Tüm Uçuşlar
178083,19/07/2024, Mevlüt Başar,Çıkartma pilajı  - AW,0:49,7.3km,15.5km,27.10,Türkiye,Paramotor,Göster
177302,02/06/2024, Mevlüt Başar,"Çakır Dağı, Amasya - TR[~33.2]",1:43,80.5km,84.2km,126.34,Serbest uçuş,Ozone Roadster3,Google Earth ile Tüm Uçuşlar
178078,18/05/2024, Mevlüt Başar,"Şile, İstanbul - TR[~10.0]",0:58,36.0km,36.8km,55.21,Türkiye,Paramotor,Göster
178085,21/01/2024, Mevlüt Başar,kızılelma köyü koyulhisar - TR[~5.5],0:24,5.7km,9.8km,14.71,Türkiye,Paramotor,Göster
178079,01/01/2024, Mevlüt Başar,İstanbul Kartal sahil - TR,0:41,4.4km,11.5km,20.16,Türkiye,Paramotor,Göster
178080,30/12/2023, Mevlüt Başar,Silivri - TR[~1.2],0:37,6.0km,14.8km,25.94,Türkiye,Paramotor,Göster
178081,10/11/2023, Mevlüt Başar,Maltepe - TR[~3.4],0:40,8.0km,18.3km,31.99,Türkiye,Paramotor,Göster
177301,29/10/2023, Mevlüt Başar,İstanbul Kartal sahil - TR,1:25,21.5km,44.2km,77.38,Serbest üçgen uçuşu,Ozone Roadster3,Google Earth ile Tüm Uçuşlar
178077,20/10/2023, Mevlüt Başar,Babadağ 700 - AW,0:34,5.1km,15.6km,27.22,Türkiye,Paramotor,Göster
178076,19/10/2023, Mevlüt Başar,Babadag - TR[~7.5],0:34,6.5km,13.0km,22.74,Türkiye,Paramotor,Göster
178082,24/09/2023, Mevlüt Başar,Van Gölü Ağartı Tuşba - TR[~0.9],0:32,1.5km,7.7km,11.58,Türkiye,Paramotor,Göster
178155,06/10/2025, Mevlüt Başar,Escape2olympos paramotor - TR,0:34,1.7km,7.5km,11.20,Türkiye,Paramotor,Göster
178147,05/10/2025, Mevlüt Başar,Escape2olympos paramotor - TR,0:35,1.9km,8.2km,12.30,Türkiye,Paramotor,Göster
178148,05/10/2025, Mevlüt Başar,Escape2olympos paramotor - TR,0:13,0.9km,2.6km,5.21,Türkiye,Paramotor,Göster
178060,03/10/2025, Mevlüt Başar,Kızkalesi - TR,0:45,3.4km,8.1km,14.22,Türkiye,Paramotor,Göster
177970,02/10/2025, Mevlüt Başar,Erdemli Akasya - TR,1:35,23.2km,47.9km,83.77,Türkiye,Paramotor,Göster
177935,01/10/2025, Mevlüt Başar,Eski Halfeti - AW,0:14,2.6km,5.8km,11.69,Türkiye,Paramotor,Göster
177884,29/09/2025, Mevlüt Başar,Nemrut Dağı Zirve - TR,0:18,1.0km,3.1km,4.60,Serbest uçuş,Ozone Roadster3,Google Earth ile Tüm Uçuşlar
177883,28/09/2025, Mevlüt Başar,Hasankeyf Batık şehir - TR,1:04,22.3km,37.6km,65.81,Serbest üçgen uçuşu,Ozone Roadster3,Google Earth ile Tüm Uçuşlar
177299,26/08/2025, Mevlüt Başar,Ararat Garden PPG - TR[~44.3],0:40,2.7km,13.2km,19.77,Serbest uçuş,Ozone Roadster3,Google Earth ile Tüm Uçuşlar
177300,26/08/2025, Mevlüt Başar,Ararat Garden PPG - TR[~44.3],0:23,7.7km,11.4km,17.03,Serbest uçuş,Ozone Roadster3,Google Earth ile Tüm Uçuşlar
176786,25/08/2025, Mevlüt Başar,Ararat Garden PPG - TR,0:51,3.6km,10.3km,18.09,Serbest üçgen uçuşu,Ozone Roadster3,Google Earth ile Tüm Uçuşlar
177298,25/08/2025, Mevlüt Başar,aşağı ağadeve - TR[~41.7],0:16,1.2km,5.4km,8.10,Serbest uçuş,Ozone Roadster3,Google Earth ile Tüm Uçuşlar
177285,20/08/2025, Mevlüt Başar,Kısırkaya Plaj  - TR[~4.6],0:29,2.4km,10.1km,15.12,Serbest uçuş,Ozone Roadster3,Google Earth ile Tüm Uçuşlar
177289,08/07/2025, Mevlüt Başar,Kısırkaya Plaj  - TR[~4.6],0:34,15.7km,17.3km,25.95,Serbest uçuş,Ozone Roadster3,Google Earth ile Tüm Uçuşlar
177290,08/07/2025, Mevlüt Başar,Riva - TR[~4.1],0:29,15.5km,16.7km,25.11,Serbest uçuş,Ozone Roadster3,Google Earth ile Tüm Uçuşlar
177291,05/07/2025, Mevlüt Başar,Kısırkaya Plaj  - TR[~4.6],1:00,9.5km,20.9km,36.59,Serbest üçgen uçuşu,Ozone Roadster3,Google Earth ile Tüm Uçuşlar
177294,28/06/2025, Mevlüt Başar,Kısırkaya Plaj  - TR[~4.6],0:19,2.1km,5.9km,11.71,FAI üçgen uçuşu,Ozone Roadster3,Google Earth ile Tüm Uçuşlar
177293,15/06/2025, Mevlüt Başar,Kısırkaya Plaj  - TR[~4.6],0:27,2.3km,5.6km,11.27,FAI üçgen uçuşu,Ozone Roadster3,Google Earth ile Tüm Uçuşlar
178084,28/05/2025, Mevlüt Başar,Ildır Kalkış Alanı - İzmir Yamaç Pa... - AW,0:39,5.8km,13.7km,23.89,Türkiye,Paramotor,Göster
177288,28/05/2025, Mevlüt Başar,Ildır Kalkış Alanı - İzmir Yamaç Pa... - AW,0:39,5.8km,13.6km,23.89,Serbest üçgen uçuşu,Ozone Roadster3,Google Earth ile Tüm Uçuşlar
177292,11/05/2025, Mevlüt Başar,Kısırkaya Plaj  - TR[~4.5],0:43,6.8km,15.4km,23.18,Serbest uçuş,Ozone Roadster3,Google Earth ile Tüm Uçuşlar
177284,03/05/2025, Mevlüt Başar,"İnönü, Eskişehir - TR",2:13,0.7km,3.5km,5.31,Serbest uçuş,Ozone Roadster3,Google Earth ile Tüm Uçuşlar
177296,04/03/2025, Mevlüt Başar,"Ormanlı, İstanbul - TR",0:46,1.9km,7.5km,11.24,Serbest uçuş,Yamaçparaşütü - Spor,Göster
177297,04/03/2025, Mevlüt Başar,"Ormanlı, İstanbul - TR",0:20,1.7km,3.6km,6.34,Serbest üçgen uçuşu,Yamaçparaşütü - Spor,Göster
177295,02/03/2025, Mevlüt Başar,Kısırkaya Plaj  - TR[~4.4],0:29,4.6km,11.3km,19.81,Serbest üçgen uçuşu,Ozone Roadster3,Google Earth ile Tüm Uçuşlar
177287,19/01/2025, Mevlüt Başar,Kısırkaya Plaj  - TR[~4.7],0:48,2.1km,8.5km,16.99,FAI üçgen uçuşu,Ozone Roadster3,Google Earth ile Tüm Uçuşlar
177286,02/11/2024, Mevlüt Başar,İstanbul Kartal sahil - TR,0:51,15.5km,32.2km,56.36,Serbest üçgen uçuşu,Ozone Roadster3,Google Earth ile Tüm Uçuşlar
177303,14/09/2024, Mevlüt Başar,"Çakır Dağı, Amasya - TR[~33.2]",1:05,25.7km,26.1km,39.10,Serbest uçuş,Ozone Roadster3,Google Earth ile Tüm Uçuşlar
178083,19/07/2024, Mevlüt Başar,Çıkartma pilajı  - AW,0:49,7.3km,15.5km,27.10,Türkiye,Paramotor,Göster
177302,02/06/2024, Mevlüt Başar,"Çakır Dağı, Amasya - TR[~33.2]",1:43,80.5km,84.2km,126.34,Serbest uçuş,Ozone Roadster3,Google Earth ile Tüm Uçuşlar
178078,18/05/2024, Mevlüt Başar,"Şile, İstanbul - TR[~10.0]",0:58,36.0km,36.8km,55.21,Türkiye,Paramotor,Göster
178085,21/01/2024, Mevlüt Başar,kızılelma köyü koyulhisar - TR[~5.5],0:24,5.7km,9.8km,14.71,Türkiye,Paramotor,Göster
178079,01/01/2024, Mevlüt Başar,İstanbul Kartal sahil - TR,0:41,4.4km,11.5km,20.16,Türkiye,Paramotor,Göster
178080,30/12/2023, Mevlüt Başar,Silivri - TR[~1.2],0:37,6.0km,14.8km,25.94,Türkiye,Paramotor,Göster
178081,10/11/2023, Mevlüt Başar,Maltepe - TR[~3.4],0:40,8.0km,18.3km,31.99,Türkiye,Paramotor,Göster
177301,29/10/2023, Mevlüt Başar,İstanbul Kartal sahil - TR,1:25,21.5km,44.2km,77.38,Serbest üçgen uçuşu,Ozone Roadster3,Google Earth ile Tüm Uçuşlar
178077,20/10/2023, Mevlüt Başar,Babadağ 700 - AW,0:34,5.1km,15.6km,27.22,Türkiye,Paramotor,Göster
178076,19/10/2023, Mevlüt Başar,Babadag - TR[~7.5],0:34,6.5km,13.0km,22.74,Türkiye,Paramotor,Göster
178082,24/09/2023, Mevlüt Başar,Van Gölü Ağartı Tuşba - TR[~0.9],0:32,1.5km,7.7km,11.58,Türkiye,Paramotor,Göster
178155,06/10/2025, Mevlüt Başar,Escape2olympos paramotor - TR,0:34,1.7km,7.5km,11.20,Türkiye,Paramotor,Göster
178147,05/10/2025, Mevlüt Başar,Escape2olympos paramotor - TR,0:35,1.9km,8.2km,12.30,Türkiye,Paramotor,Göster
178148,05/10/2025, Mevlüt Başar,Escape2olympos paramotor - TR,0:13,0.9km,2.6km,5.21,Türkiye,Paramotor,Göster
178060,03/10/2025, Mevlüt Başar,Kızkalesi - TR,0:45,3.4km,8.1km,14.22,Türkiye,Paramotor,Göster
177970,02/10/2025, Mevlüt Başar,Erdemli Akasya - TR,1:35,23.2km,47.9km,83.77,Türkiye,Paramotor,Göster
177935,01/10/2025, Mevlüt Başar,Eski Halfeti - AW,0:14,2.6km,5.8km,11.69,Türkiye,Paramotor,Göster
177884,29/09/2025, Mevlüt Başar,Nemrut Dağı Zirve - TR,0:18,1.0km,3.1km,4.60,Serbest uçuş,Ozone Roadster3,Google Earth ile Tüm Uçuşlar
177883,28/09/2025, Mevlüt Başar,Hasankeyf Batık şehir - TR,1:04,22.3km,37.6km,65.81,Serbest üçgen uçuşu,Ozone Roadster3,Google Earth ile Tüm Uçuşlar
177299,26/08/2025, Mevlüt Başar,Ararat Garden PPG - TR[~44.3],0:40,2.7km,13.2km,19.77,Serbest uçuş,Ozone Roadster3,Google Earth ile Tüm Uçuşlar
177300,26/08/2025, Mevlüt Başar,Ararat Garden PPG - TR[~44.3],0:23,7.7km,11.4km,17.03,Serbest uçuş,Ozone Roadster3,Google Earth ile Tüm Uçuşlar
176786,25/08/2025, Mevlüt Başar,Ararat Garden PPG - TR,0:51,3.6km,10.3km,18.09,Serbest üçgen uçuşu,Ozone Roadster3,Google Earth ile Tüm Uçuşlar
177298,25/08/2025, Mevlüt Başar,aşağı ağadeve - TR[~41.7],0:16,1.2km,5.4km,8.10,Serbest uçuş,Ozone Roadster3,Google Earth ile Tüm Uçuşlar
177285,20/08/2025, Mevlüt Başar,Kısırkaya Plaj  - TR[~4.6],0:29,2.4km,10.1km,15.12,Serbest uçuş,Ozone Roadster3,Google Earth ile Tüm Uçuşlar
177289,08/07/2025, Mevlüt Başar,Kısırkaya Plaj  - TR[~4.6],0:34,15.7km,17.3km,25.95,Serbest uçuş,Ozone Roadster3,Google Earth ile Tüm Uçuşlar
177290,08/07/2025, Mevlüt Başar,Riva - TR[~4.1],0:29,15.5km,16.7km,25.11,Serbest uçuş,Ozone Roadster3,Google Earth ile Tüm Uçuşlar
177291,05/07/2025, Mevlüt Başar,Kısırkaya Plaj  - TR[~4.6],1:00,9.5km,20.9km,36.59,Serbest üçgen uçuşu,Ozone Roadster3,Google Earth ile Tüm Uçuşlar
177294,28/06/2025, Mevlüt Başar,Kısırkaya Plaj  - TR[~4.6],0:19,2.1km,5.9km,11.71,FAI üçgen uçuşu,Ozone Roadster3,Google Earth ile Tüm Uçuşlar
177293,15/06/2025, Mevlüt Başar,Kısırkaya Plaj  - TR[~4.6],0:27,2.3km,5.6km,11.27,FAI üçgen uçuşu,Ozone Roadster3,Google Earth ile Tüm Uçuşlar
178084,28/05/2025, Mevlüt Başar,Ildır Kalkış Alanı - İzmir Yamaç Pa... - AW,0:39,5.8km,13.7km,23.89,Türkiye,Paramotor,Göster
177288,28/05/2025, Mevlüt Başar,Ildır Kalkış Alanı - İzmir Yamaç Pa... - AW,0:39,5.8km,13.6km,23.89,Serbest üçgen uçuşu,Ozone Roadster3,Google Earth ile Tüm Uçuşlar
177292,11/05/2025, Mevlüt Başar,Kısırkaya Plaj  - TR[~4.5],0:43,6.8km,15.4km,23.18,Serbest uçuş,Ozone Roadster3,Google Earth ile Tüm Uçuşlar
177284,03/05/2025, Mevlüt Başar,"İnönü, Eskişehir - TR",2:13,0.7km,3.5km,5.31,Serbest uçuş,Ozone Roadster3,Google Earth ile Tüm Uçuşlar
177296,04/03/2025, Mevlüt Başar,"Ormanlı, İstanbul - TR",0:46,1.9km,7.5km,11.24,Serbest uçuş,Yamaçparaşütü - Spor,Göster
177297,04/03/2025, Mevlüt Başar,"Ormanlı, İstanbul - TR",0:20,1.7km,3.6km,6.34,Serbest üçgen uçuşu,Yamaçparaşütü - Spor,Göster
177295,02/03/2025, Mevlüt Başar,Kısırkaya Plaj  - TR[~4.4],0:29,4.6km,11.3km,19.81,Serbest üçgen uçuşu,Ozone Roadster3,Google Earth ile Tüm Uçuşlar
177287,19/01/2025, Mevlüt Başar,Kısırkaya Plaj  - TR[~4.7],0:48,2.1km,8.5km,16.99,FAI üçgen uçuşu,Ozone Roadster3,Google Earth ile Tüm Uçuşlar
177286,02/11/2024, Mevlüt Başar,İstanbul Kartal sahil - TR,0:51,15.5km,32.2km,56.36,Serbest üçgen uçuşu,Ozone Roadster3,Google Earth ile Tüm Uçuşlar
177303,14/09/2024, Mevlüt Başar,"Çakır Dağı, Amasya - TR[~33.2]",1:05,25.7km,26.1km,39.10,Serbest uçuş,Ozone Roadster3,Google Earth ile Tüm Uçuşlar
178083,19/07/2024, Mevlüt Başar,Çıkartma pilajı  - AW,0:49,7.3km,15.5km,27.10,Türkiye,Paramotor,Göster
177302,02/06/2024, Mevlüt Başar,"Çakır Dağı, Amasya - TR[~33.2]",1:43,80.5km,84.2km,126.34,Serbest uçuş,Ozone Roadster3,Google Earth ile Tüm Uçuşlar
178078,18/05/2024, Mevlüt Başar,"Şile, İstanbul - TR[~10.0]",0:58,36.0km,36.8km,55.21,Türkiye,Paramotor,Göster
178085,21/01/2024, Mevlüt Başar,kızılelma köyü koyulhisar - TR[~5.5],0:24,5.7km,9.8km,14.71,Türkiye,Paramotor,Göster
178079,01/01/2024, Mevlüt Başar,İstanbul Kartal sahil - TR,0:41,4.4km,11.5km,20.16,Türkiye,Paramotor,Göster
178080,30/12/2023, Mevlüt Başar,Silivri - TR[~1.2],0:37,6.0km,14.8km,25.94,Türkiye,Paramotor,Göster
178081,10/11/2023, Mevlüt Başar,Maltepe - TR[~3.4],0:40,8.0km,18.3km,31.99,Türkiye,Paramotor,Göster
177301,29/10/2023, Mevlüt Başar,İstanbul Kartal sahil - TR,1:25,21.5km,44.2km,77.38,Serbest üçgen uçuşu,Ozone Roadster3,Google Earth ile Tüm Uçuşlar
178077,20/10/2023, Mevlüt Başar,Babadağ 700 - AW,0:34,5.1km,15.6km,27.22,Türkiye,Paramotor,Göster
178076,19/10/2023, Mevlüt Başar,Babadag - TR[~7.5],0:34,6.5km,13.0km,22.74,Türkiye,Paramotor,Göster
178082,24/09/2023, Mevlüt Başar,Van Gölü Ağartı Tuşba - TR[~0.9],0:32,1.5km,7.7km,11.58,Türkiye,Paramotor,Göster
178155,06/10/2025, Mevlüt Başar,Escape2olympos paramotor - TR,0:34,1.7km,7.5km,11.20,Türkiye,Paramotor,Göster
178147,05/10/2025, Mevlüt Başar,Escape2olympos paramotor - TR,0:35,1.9km,8.2km,12.30,Türkiye,Paramotor,Göster
178148,05/10/2025, Mevlüt Başar,Escape2olympos paramotor - TR,0:13,0.9km,2.6km,5.21,Türkiye,Paramotor,Göster
178060,03/10/2025, Mevlüt Başar,Kızkalesi - TR,0:45,3.4km,8.1km,14.22,Türkiye,Paramotor,Göster
177970,02/10/2025, Mevlüt Başar,Erdemli Akasya - TR,1:35,23.2km,47.9km,83.77,Türkiye,Paramotor,Göster
177935,01/10/2025, Mevlüt Başar,Eski Halfeti - AW,0:14,2.6km,5.8km,11.69,Türkiye,Paramotor,Göster
177884,29/09/2025, Mevlüt Başar,Nemrut Dağı Zirve - TR,0:18,1.0km,3.1km,4.60,Serbest uçuş,Ozone Roadster3,Google Earth ile Tüm Uçuşlar
177883,28/09/2025, Mevlüt Başar,Hasankeyf Batık şehir - TR,1:04,22.3km,37.6km,65.81,Serbest üçgen uçuşu,Ozone Roadster3,Google Earth ile Tüm Uçuşlar
177299,26/08/2025, Mevlüt Başar,Ararat Garden PPG - TR[~44.3],0:40,2.7km,13.2km,19.77,Serbest uçuş,Ozone Roadster3,Google Earth ile Tüm Uçuşlar
177300,26/08/2025, Mevlüt Başar,Ararat Garden PPG - TR[~44.3],0:23,7.7km,11.4km,17.03,Serbest uçuş,Ozone Roadster3,Google Earth ile Tüm Uçuşlar
176786,25/08/2025, Mevlüt Başar,Ararat Garden PPG - TR,0:51,3.6km,10.3km,18.09,Serbest üçgen uçuşu,Ozone Roadster3,Google Earth ile Tüm Uçuşlar
177298,25/08/2025, Mevlüt Başar,aşağı ağadeve - TR[~41.7],0:16,1.2km,5.4km,8.10,Serbest uçuş,Ozone Roadster3,Google Earth ile Tüm Uçuşlar
177285,20/08/2025, Mevlüt Başar,Kısırkaya Plaj  - TR[~4.6],0:29,2.4km,10.1km,15.12,Serbest uçuş,Ozone Roadster3,Google Earth ile Tüm Uçuşlar
177289,08/07/2025, Mevlüt Başar,Kısırkaya Plaj  - TR[~4.6],0:34,15.7km,17.3km,25.95,Serbest uçuş,Ozone Roadster3,Google Earth ile Tüm Uçuşlar
177290,08/07/2025, Mevlüt Başar,Riva - TR[~4.1],0:29,15.5km,16.7km,25.11,Serbest uçuş,Ozone Roadster3,Google Earth ile Tüm Uçuşlar
177291,05/07/2025, Mevlüt Başar,Kısırkaya Plaj  - TR[~4.6],1:00,9.5km,20.9km,36.59,Serbest üçgen uçuşu,Ozone Roadster3,Google Earth ile Tüm Uçuşlar
177294,28/06/2025, Mevlüt Başar,Kısırkaya Plaj  - TR[~4.6],0:19,2.1km,5.9km,11.71,FAI üçgen uçuşu,Ozone Roadster3,Google Earth ile Tüm Uçuşlar
177293,15/06/2025, Mevlüt Başar,Kısırkaya Plaj  - TR[~4.6],0:27,2.3km,5.6km,11.27,FAI üçgen uçuşu,Ozone Roadster3,Google Earth ile Tüm Uçuşlar
178084,28/05/2025, Mevlüt Başar,Ildır Kalkış Alanı - İzmir Yamaç Pa... - AW,0:39,5.8km,13.7km,23.89,Türkiye,Paramotor,Göster
177288,28/05/2025, Mevlüt Başar,Ildır Kalkış Alanı - İzmir Yamaç Pa... - AW,0:39,5.8km,13.6km,23.89,Serbest üçgen uçuşu,Ozone Roadster3,Google Earth ile Tüm Uçuşlar
177292,11/05/2025, Mevlüt Başar,Kısırkaya Plaj  - TR[~4.5],0:43,6.8km,15.4km,23.18,Serbest uçuş,Ozone Roadster3,Google Earth ile Tüm Uçuşlar
177284,03/05/2025, Mevlüt Başar,"İnönü, Eskişehir - TR",2:13,0.7km,3.5km,5.31,Serbest uçuş,Ozone Roadster3,Google Earth ile Tüm Uçuşlar
177296,04/03/2025, Mevlüt Başar,"Ormanlı, İstanbul - TR",0:46,1.9km,7.5km,11.24,Serbest uçuş,Yamaçparaşütü - Spor,Göster
177297,04/03/2025, Mevlüt Başar,"Ormanlı, İstanbul - TR",0:20,1.7km,3.6km,6.34,Serbest üçgen uçuşu,Yamaçparaşütü - Spor,Göster
177295,02/03/2025, Mevlüt Başar,Kısırkaya Plaj  - TR[~4.4],0:29,4.6km,11.3km,19.81,Serbest üçgen uçuşu,Ozone Roadster3,Google Earth ile Tüm Uçuşlar
177287,19/01/2025, Mevlüt Başar,Kısırkaya Plaj  - TR[~4.7],0:48,2.1km,8.5km,16.99,FAI üçgen uçuşu,Ozone Roadster3,Google Earth ile Tüm Uçuşlar
177286,02/11/2024, Mevlüt Başar,İstanbul Kartal sahil - TR,0:51,15.5km,32.2km,56.36,Serbest üçgen uçuşu,Ozone Roadster3,Google Earth ile Tüm Uçuşlar
177303,14/09/2024, Mevlüt Başar,"Çakır Dağı, Amasya - TR[~33.2]",1:05,25.7km,26.1km,39.10,Serbest uçuş,Ozone Roadster3,Google Earth ile Tüm Uçuşlar
178083,19/07/2024, Mevlüt Başar,Çıkartma pilajı  - AW,0:49,7.3km,15.5km,27.10,Türkiye,Paramotor,Göster
177302,02/06/2024, Mevlüt Başar,"Çakır Dağı, Amasya - TR[~33.2]",1:43,80.5km,84.2km,126.34,Serbest uçuş,Ozone Roadster3,Google Earth ile Tüm Uçuşlar
178078,18/05/2024, Mevlüt Başar,"Şile, İstanbul - TR[~10.0]",0:58,36.0km,36.8km,55.21,Türkiye,Paramotor,Göster
178085,21/01/2024, Mevlüt Başar,kızılelma köyü koyulhisar - TR[~5.5],0:24,5.7km,9.8km,14.71,Türkiye,Paramotor,Göster
178079,01/01/2024, Mevlüt Başar,İstanbul Kartal sahil - TR,0:41,4.4km,11.5km,20.16,Türkiye,Paramotor,Göster
178080,30/12/2023, Mevlüt Başar,Silivri - TR[~1.2],0:37,6.0km,14.8km,25.94,Türkiye,Paramotor,Göster
178081,10/11/2023, Mevlüt Başar,Maltepe - TR[~3.4],0:40,8.0km,18.3km,31.99,Türkiye,Paramotor,Göster
177301,29/10/2023, Mevlüt Başar,İstanbul Kartal sahil - TR,1:25,21.5km,44.2km,77.38,Serbest üçgen uçuşu,Ozone Roadster3,Google Earth ile Tüm Uçuşlar
178077,20/10/2023, Mevlüt Başar,Babadağ 700 - AW,0:34,5.1km,15.6km,27.22,Türkiye,Paramotor,Göster
178076,19/10/2023, Mevlüt Başar,Babadag - TR[~7.5],0:34,6.5km,13.0km,22.74,Türkiye,Paramotor,Göster
178082,24/09/2023, Mevlüt Başar,Van Gölü Ağartı Tuşba - TR[~0.9],0:32,1.5km,7.7km,11.58,Türkiye,Paramotor,Göster
178155,06/10/2025, Mevlüt Başar,Escape2olympos paramotor - TR,0:34,1.7km,7.5km,11.20,Türkiye,Paramotor,Göster
178147,05/10/2025, Mevlüt Başar,Escape2olympos paramotor - TR,0:35,1.9km,8.2km,12.30,Türkiye,Paramotor,Göster
178148,05/10/2025, Mevlüt Başar,Escape2olympos paramotor - TR,0:13,0.9km,2.6km,5.21,Türkiye,Paramotor,Göster
178060,03/10/2025, Mevlüt Başar,Kızkalesi - TR,0:45,3.4km,8.1km,14.22,Türkiye,Paramotor,Göster
177970,02/10/2025, Mevlüt Başar,Erdemli Akasya - TR,1:35,23.2km,47.9km,83.77,Türkiye,Paramotor,Göster
177935,01/10/2025, Mevlüt Başar,Eski Halfeti - AW,0:14,2.6km,5.8km,11.69,Türkiye,Paramotor,Göster
177884,29/09/2025, Mevlüt Başar,Nemrut Dağı Zirve - TR,0:18,1.0km,3.1km,4.60,Serbest uçuş,Ozone Roadster3,Google Earth ile Tüm Uçuşlar
177883,28/09/2025, Mevlüt Başar,Hasankeyf Batık şehir - TR,1:04,22.3km,37.6km,65.81,Serbest üçgen uçuşu,Ozone Roadster3,Google Earth ile Tüm Uçuşlar
177299,26/08/2025, Mevlüt Başar,Ararat Garden PPG - TR[~44.3],0:40,2.7km,13.2km,19.77,Serbest uçuş,Ozone Roadster3,Google Earth ile Tüm Uçuşlar
177300,26/08/2025, Mevlüt Başar,Ararat Garden PPG - TR[~44.3],0:23,7.7km,11.4km,17.03,Serbest uçuş,Ozone Roadster3,Google Earth ile Tüm Uçuşlar
176786,25/08/2025, Mevlüt Başar,Ararat Garden PPG - TR,0:51,3.6km,10.3km,18.09,Serbest üçgen uçuşu,Ozone Roadster3,Google Earth ile Tüm Uçuşlar
177298,25/08/2025, Mevlüt Başar,aşağı ağadeve - TR[~41.7],0:16,1.2km,5.4km,8.10,Serbest uçuş,Ozone Roadster3,Google Earth ile Tüm Uçuşlar
177285,20/08/2025, Mevlüt Başar,Kısırkaya Plaj  - TR[~4.6],0:29,2.4km,10.1km,15.12,Serbest uçuş,Ozone Roadster3,Google Earth ile Tüm Uçuşlar
177289,08/07/2025, Mevlüt Başar,Kısırkaya Plaj  - TR[~4.6],0:34,15.7km,17.3km,25.95,Serbest uçuş,Ozone Roadster3,Google Earth ile Tüm Uçuşlar
177290,08/07/2025, Mevlüt Başar,Riva - TR[~4.1],0:29,15.5km,16.7km,25.11,Serbest uçuş,Ozone Roadster3,Google Earth ile Tüm Uçuşlar
177291,05/07/2025, Mevlüt Başar,Kısırkaya Plaj  - TR[~4.6],1:00,9.5km,20.9km,36.59,Serbest üçgen uçuşu,Ozone Roadster3,Google Earth ile Tüm Uçuşlar
177294,28/06/2025, Mevlüt Başar,Kısırkaya Plaj  - TR[~4.6],0:19,2.1km,5.9km,11.71,FAI üçgen uçuşu,Ozone Roadster3,Google Earth ile Tüm Uçuşlar
177293,15/06/2025, Mevlüt Başar,Kısırkaya Plaj  - TR[~4.6],0:27,2.3km,5.6km,11.27,FAI üçgen uçuşu,Ozone Roadster3,Google Earth ile Tüm Uçuşlar
178084,28/05/2025, Mevlüt Başar,Ildır Kalkış Alanı - İzmir Yamaç Pa... - AW,0:39,5.8km,13.7km,23.89,Türkiye,Paramotor,Göster
177288,28/05/2025, Mevlüt Başar,Ildır Kalkış Alanı - İzmir Yamaç Pa... - AW,0:39,5.8km,13.6km,23.89,Serbest üçgen uçuşu,Ozone Roadster3,Google Earth ile Tüm Uçuşlar
177292,11/05/2025, Mevlüt Başar,Kısırkaya Plaj  - TR[~4.5],0:43,6.8km,15.4km,23.18,Serbest uçuş,Ozone Roadster3,Google Earth ile Tüm Uçuşlar
177284,03/05/2025, Mevlüt Başar,"İnönü, Eskişehir - TR",2:13,0.7km,3.5km,5.31,Serbest uçuş,Ozone Roadster3,Google Earth ile Tüm Uçuşlar
177296,04/03/2025, Mevlüt Başar,"Ormanlı, İstanbul - TR",0:46,1.9km,7.5km,11.24,Serbest uçuş,Yamaçparaşütü - Spor,Göster
177297,04/03/2025, Mevlüt Başar,"Ormanlı, İstanbul - TR",0:20,1.7km,3.6km,6.34,Serbest üçgen uçuşu,Yamaçparaşütü - Spor,Göster
177295,02/03/2025, Mevlüt Başar,Kısırkaya Plaj  - TR[~4.4],0:29,4.6km,11.3km,19.81,Serbest üçgen uçuşu,Ozone Roadster3,Google Earth ile Tüm Uçuşlar
177287,19/01/2025, Mevlüt Başar,Kısırkaya Plaj  - TR[~4.7],0:48,2.1km,8.5km,16.99,FAI üçgen uçuşu,Ozone Roadster3,Google Earth ile Tüm Uçuşlar
177286,02/11/2024, Mevlüt Başar,İstanbul Kartal sahil - TR,0:51,15.5km,32.2km,56.36,Serbest üçgen uçuşu,Ozone Roadster3,Google Earth ile Tüm Uçuşlar
177303,14/09/2024, Mevlüt Başar,"Çakır Dağı, Amasya - TR[~33.2]",1:05,25.7km,26.1km,39.10,Serbest uçuş,Ozone Roadster3,Google Earth ile Tüm Uçuşlar
178083,19/07/2024, Mevlüt Başar,Çıkartma pilajı  - AW,0:49,7.3km,15.5km,27.10,Türkiye,Paramotor,Göster
177302,02/06/2024, Mevlüt Başar,"Çakır Dağı, Amasya - TR[~33.2]",1:43,80.5km,84.2km,126.34,Serbest uçuş,Ozone Roadster3,Google Earth ile Tüm Uçuşlar
178078,18/05/2024, Mevlüt Başar,"Şile, İstanbul - TR[~10.0]",0:58,36.0km,36.8km,55.21,Türkiye,Paramotor,Göster
178085,21/01/2024, Mevlüt Başar,kızılelma köyü koyulhisar - TR[~5.5],0:24,5.7km,9.8km,14.71,Türkiye,Paramotor,Göster
178079,01/01/2024, Mevlüt Başar,İstanbul Kartal sahil - TR,0:41,4.4km,11.5km,20.16,Türkiye,Paramotor,Göster
178080,30/12/2023, Mevlüt Başar,Silivri - TR[~1.2],0:37,6.0km,14.8km,25.94,Türkiye,Paramotor,Göster
178081,10/11/2023, Mevlüt Başar,Maltepe - TR[~3.4],0:40,8.0km,18.3km,31.99,Türkiye,Paramotor,Göster
177301,29/10/2023, Mevlüt Başar,İstanbul Kartal sahil - TR,1:25,21.5km,44.2km,77.38,Serbest üçgen uçuşu,Ozone Roadster3,Google Earth ile Tüm Uçuşlar
178077,20/10/2023, Mevlüt Başar,Babadağ 700 - AW,0:34,5.1km,15.6km,27.22,Türkiye,Paramotor,Göster
178076,19/10/2023, Mevlüt Başar,Babadag - TR[~7.5],0:34,6.5km,13.0km,22.74,Türkiye,Paramotor,Göster
178082,24/09/2023, Mevlüt Başar,Van Gölü Ağartı Tuşba - TR[~0.9],0:32,1.5km,7.7km,11.58,Türkiye,Paramotor,Göster
178155,06/10/2025, Mevlüt Başar,Escape2olympos paramotor - TR,0:34,1.7km,7.5km,11.20,Türkiye,Paramotor,Göster
178147,05/10/2025, Mevlüt Başar,Escape2olympos paramotor - TR,0:35,1.9km,8.2km,12.30,Türkiye,Paramotor,Göster
178148,05/10/2025, Mevlüt Başar,Escape2olympos paramotor - TR,0:13,0.9km,2.6km,5.21,Türkiye,Paramotor,Göster
178060,03/10/2025, Mevlüt Başar,Kızkalesi - TR,0:45,3.4km,8.1km,14.22,Türkiye,Paramotor,Göster
177970,02/10/2025, Mevlüt Başar,Erdemli Akasya - TR,1:35,23.2km,47.9km,83.77,Türkiye,Paramotor,Göster
177935,01/10/2025, Mevlüt Başar,Eski Halfeti - AW,0:14,2.6km,5.8km,11.69,Türkiye,Paramotor,Göster
177884,29/09/2025, Mevlüt Başar,Nemrut Dağı Zirve - TR,0:18,1.0km,3.1km,4.60,Serbest uçuş,Ozone Roadster3,Google Earth ile Tüm Uçuşlar
177883,28/09/2025, Mevlüt Başar,Hasankeyf Batık şehir - TR,1:04,22.3km,37.6km,65.81,Serbest üçgen uçuşu,Ozone Roadster3,Google Earth ile Tüm Uçuşlar
177299,26/08/2025, Mevlüt Başar,Ararat Garden PPG - TR[~44.3],0:40,2.7km,13.2km,19.77,Serbest uçuş,Ozone Roadster3,Google Earth ile Tüm Uçuşlar
177300,26/08/2025, Mevlüt Başar,Ararat Garden PPG - TR[~44.3],0:23,7.7km,11.4km,17.03,Serbest uçuş,Ozone Roadster3,Google Earth ile Tüm Uçuşlar
176786,25/08/2025, Mevlüt Başar,Ararat Garden PPG - TR,0:51,3.6km,10.3km,18.09,Serbest üçgen uçuşu,Ozone Roadster3,Google Earth ile Tüm Uçuşlar
177298,25/08/2025, Mevlüt Başar,aşağı ağadeve - TR[~41.7],0:16,1.2km,5.4km,8.10,Serbest uçuş,Ozone Roadster3,Google Earth ile Tüm Uçuşlar
177285,20/08/2025, Mevlüt Başar,Kısırkaya Plaj  - TR[~4.6],0:29,2.4km,10.1km,15.12,Serbest uçuş,Ozone Roadster3,Google Earth ile Tüm Uçuşlar
177289,08/07/2025, Mevlüt Başar,Kısırkaya Plaj  - TR[~4.6],0:34,15.7km,17.3km,25.95,Serbest uçuş,Ozone Roadster3,Google Earth ile Tüm Uçuşlar
177290,08/07/2025, Mevlüt Başar,Riva - TR[~4.1],0:29,15.5km,16.7km,25.11,Serbest uçuş,Ozone Roadster3,Google Earth ile Tüm Uçuşlar
177291,05/07/2025, Mevlüt Başar,Kısırkaya Plaj  - TR[~4.6],1:00,9.5km,20.9km,36.59,Serbest üçgen uçuşu,Ozone Roadster3,Google Earth ile Tüm Uçuşlar
177294,28/06/2025, Mevlüt Başar,Kısırkaya Plaj  - TR[~4.6],0:19,2.1km,5.9km,11.71,FAI üçgen uçuşu,Ozone Roadster3,Google Earth ile Tüm Uçuşlar
177293,15/06/2025, Mevlüt Başar,Kısırkaya Plaj  - TR[~4.6],0:27,2.3km,5.6km,11.27,FAI üçgen uçuşu,Ozone Roadster3,Google Earth ile Tüm Uçuşlar
178084,28/05/2025, Mevlüt Başar,Ildır Kalkış Alanı - İzmir Yamaç Pa... - AW,0:39,5.8km,13.7km,23.89,Türkiye,Paramotor,Göster
177288,28/05/2025, Mevlüt Başar,Ildır Kalkış Alanı - İzmir Yamaç Pa... - AW,0:39,5.8km,13.6km,23.89,Serbest üçgen uçuşu,Ozone Roadster3,Google Earth ile Tüm Uçuşlar
177292,11/05/2025, Mevlüt Başar,Kısırkaya Plaj  - TR[~4.5],0:43,6.8km,15.4km,23.18,Serbest uçuş,Ozone Roadster3,Google Earth ile Tüm Uçuşlar
177284,03/05/2025, Mevlüt Başar,"İnönü, Eskişehir - TR",2:13,0.7km,3.5km,5.31,Serbest uçuş,Ozone Roadster3,Google Earth ile Tüm Uçuşlar
177296,04/03/2025, Mevlüt Başar,"Ormanlı, İstanbul - TR",0:46,1.9km,7.5km,11.24,Serbest uçuş,Yamaçparaşütü - Spor,Göster
177297,04/03/2025, Mevlüt Başar,"Ormanlı, İstanbul - TR",0:20,1.7km,3.6km,6.34,Serbest üçgen uçuşu,Yamaçparaşütü - Spor,Göster
177295,02/03/2025, Mevlüt Başar,Kısırkaya Plaj  - TR[~4.4],0:29,4.6km,11.3km,19.81,Serbest üçgen uçuşu,Ozone Roadster3,Google Earth ile Tüm Uçuşlar
177287,19/01/2025, Mevlüt Başar,Kısırkaya Plaj  - TR[~4.7],0:48,2.1km,8.5km,16.99,FAI üçgen uçuşu,Ozone Roadster3,Google Earth ile Tüm Uçuşlar
177286,02/11/2024, Mevlüt Başar,İstanbul Kartal sahil - TR,0:51,15.5km,32.2km,56.36,Serbest üçgen uçuşu,Ozone Roadster3,Google Earth ile Tüm Uçuşlar
177303,14/09/2024, Mevlüt Başar,"Çakır Dağı, Amasya - TR[~33.2]",1:05,25.7km,26.1km,39.10,Serbest uçuş,Ozone Roadster3,Google Earth ile Tüm Uçuşlar
178083,19/07/2024, Mevlüt Başar,Çıkartma pilajı  - AW,0:49,7.3km,15.5km,27.10,Türkiye,Paramotor,Göster
177302,02/06/2024, Mevlüt Başar,"Çakır Dağı, Amasya - TR[~33.2]",1:43,80.5km,84.2km,126.34,Serbest uçuş,Ozone Roadster3,Google Earth ile Tüm Uçuşlar
178078,18/05/2024, Mevlüt Başar,"Şile, İstanbul - TR[~10.0]",0:58,36.0km,36.8km,55.21,Türkiye,Paramotor,Göster
178085,21/01/2024, Mevlüt Başar,kızılelma köyü koyulhisar - TR[~5.5],0:24,5.7km,9.8km,14.71,Türkiye,Paramotor,Göster
178079,01/01/2024, Mevlüt Başar,İstanbul Kartal sahil - TR,0:41,4.4km,11.5km,20.16,Türkiye,Paramotor,Göster
178080,30/12/2023, Mevlüt Başar,Silivri - TR[~1.2],0:37,6.0km,14.8km,25.94,Türkiye,Paramotor,Göster
178081,10/11/2023, Mevlüt Başar,Maltepe - TR[~3.4],0:40,8.0km,18.3km,31.99,Türkiye,Paramotor,Göster
177301,29/10/2023, Mevlüt Başar,İstanbul Kartal sahil - TR,1:25,21.5km,44.2km,77.38,Serbest üçgen uçuşu,Ozone Roadster3,Google Earth ile Tüm Uçuşlar
178077,20/10/2023, Mevlüt Başar,Babadağ 700 - AW,0:34,5.1km,15.6km,27.22,Türkiye,Paramotor,Göster
178076,19/10/2023, Mevlüt Başar,Babadag - TR[~7.5],0:34,6.5km,13.0km,22.74,Türkiye,Paramotor,Göster
178082,24/09/2023, Mevlüt Başar,Van Gölü Ağartı Tuşba - TR[~0.9],0:32,1.5km,7.7km,11.58,Türkiye,Paramotor,Göster
